time_start	time_end	title
2.170620834060669	23.114077	Introduction
23.114077937057495	138.347873	Lt Stitchie
138.34787302098084	249.326342	Josey Walesz
249.32634203814698	311.922338	Beenie Man
311.9223380667572	326.166283	Lt Stitchie
326.16628390081786	380.430602	Josey Walesz
380.4306028703003	391.357276	Beenie Man
391.3572760190735	419.639319	Bonny General ??
419.6393190286102	438.626067	Beenie Man
438.62606785313415	450.123151	Bonny General ??
450.1231510705719	472.862139	Lt Stitchie
472.86213994659425	570.656041	Josey Walesz
570.656041131607	627.326942	Beenie Man
627.3269420801087	662.190539	Beenie Man
662.1905391010895	721.216223	Josey Walesz
721.2162230572204	742.526498	Lt Stitchie
742.526498	847.502229	Josey Walesz
847.5022290553131	858.097915	Josey Walesz
858.0979151869202	872.787386	Lt Stitchie
872.7873869427796	884.739248	Beenie Man
884.7392480839234	928.039806	Lt Stitchie
928.0398060953675	962.201273	Beenie Man
962.2012730457764	1007.214313	Josey Walesz
1007.2143131277924	1039.555222	Beenie Man
1039.555222950409	1066.93911	Lt Stitchie
1066.939110120163	1077.435733	Beenie Man
1077.4357331277924	1077.4357331277924	Lt Stitchie
1101.599836961853	1121.401886	Beenie Man
1121.4018861010895	1162.325301	Josey Walesz
1162.325301015259	1172.901496	Josey Walesz
1172.9014961621247	1184.899787	Beenie Man
1184.8997870400544	1213.131196	Lt Stitchie
1213.1311968226166	1260.935294	Beenie Man
1260.9352940400543	1286.359862	Beenie Man
1286.3598620858306	1297.05464	Lt Stitchie
1297.0546401239776	1320.415828	Beenie Man
1320.4158289580382	1363.340279	Lt Stitchie
1363.3402792059937	1395.722381	Beenie Man
1395.7223811239776	1432.223183	Josey Walesz
1432.223183102997	1460.839376	Lt Stitchie
1460.8393761125335	1474.901896	Beenie Man
1474.9018969103547	1492.731126	Josey Walesz
1492.7311260400543	1519.77844	Beenie Man
1519.778440043869	1564.151159	Lt Stitchie
1564.1511590267028	1578.710884	Beenie Man
1578.710884923706	1601.711639	Lt Stitchie
1601.7116399046326	1659.2330010514984	Beenie Man